{
  "config_dir" : "d5_mwpm_exp_stddev01",
  "fixed_config": {
    "d": 5,
    "use_Y": false,
    "train_freq": 1,
    "batch_size": 32,
    "print_freq": 500,
    "save_weight_freq": 150000,
    "rolling_average_length": 1000,
    "stopping_patience": 10000,
    "error_model": "DP",
    "c_layers": [[128,3,2],[64,2,1],[32,2,1]],
    "ff_layers": [[512,0.2]],
    "max_timesteps": 3000000,
    "volume_depth": 5,
    "testing_length": 201,
    "buffer_size": 50000,
    "dueling": true,
    "masked_greedy": false,
    "static_decoder": false,
    "use_tensorboard" : false,
    "random_seed": 0,
    "job_cores": 1,
    "job_memory_per_cpu": 5000,
    "mwpm_weights": [0.96907904, 1.1876379 , 0.91440479, 0.8747851 , 1.05270525, 0.93199371, 0.94190943, 0.84239963, 0.92375645, 0.97774755,
    0.95015627, 1.00938265, 1.12764052, 0.99468614, 1.02637969, 1.10728024, 1.038389  , 0.97693726, 0.87585813, 0.91252615,
    1.00843718, 0.92814442, 1.09182617, 0.94324698, 1.03658694, 1.04455021]
  },
  "base_param_grid": {
    "p_phys": 0.001,
    "success_threshold": 100000,
    "learning_starts_list": [1000],
    "learning_rate_list": [0.0001, 0.00005, 0.00001],
    "target_network_update_freq_list": [5000],
    "gamma_list": [0.95, 0.99],
    "exploration_fraction_list": [200000],
    "max_eps_list": [1.0],
    "final_eps_list": [0.001],
    "sim_time_per_ef": [16,16,16,16,16,16]
  },
  "controller_params": {
    "threshold_dict": {"0.001": 1000, "0.003": 334, "0.005": 200, "0.007": 142, "0.009": 112, "0.011": 91, "0.013": 77, "0.015": 67, "0.017": 59},
    "num_best_to_spawn_from": 1,
    "p_phys_list":[0.001, 0.003, 0.005, 0.007, 0.009, 0.011, 0.013, 0.015, 0.017],
    "success_threshold_list": [100000, 100000, 100000, 100000, 100000, 100000, 100000, 100000, 100000],
    "simulation_time_limit_hours": 16,
    "simulation_time_limit_hours_desc": "Amount of time we give to each simulation before marking it as timed out",            
    "controller_param_grid": {           
      "learning_starts_list": [1000],
      "learning_rate_list": [0.0001, 0.00005, 0.00001],
      "exploration_fraction_list": [100000],
      "final_eps_list": [0.001],
      "max_eps_list": [1.0],
      "target_network_update_freq_list": [5000],
      "gamma_list": [0.95, 0.99]
    },
    "controller_param_grid_desc": "Grid over which any spawned simulation will run"
  }
}